{"cameraMode":{"drawMode":0,"name":"Shaded","section":"Shading Mode"},"sceneLighting":true,"audioPlay":false,"sceneViewState":{"m_AlwaysRefresh":false,"showFog":true,"showSkybox":true,"showFlares":true,"showImageEffects":true,"showParticleSystems":true,"showVisualEffectGraphs":true,"m_FxEnabled":false},"in2DMode":false,"pivot":{"x":429.07745361328127,"y":313.85357666015627,"z":-615.8676147460938},"rotation":{"x":0.06743494421243668,"y":0.010173979215323925,"z":0.0006879467400722206,"w":-0.9976678490638733},"size":412.540283203125,"orthographic":false}