{"cameraMode":{"drawMode":0,"name":"Shaded","section":"Shading Mode"},"sceneLighting":true,"audioPlay":false,"sceneViewState":{"m_AlwaysRefresh":false,"showFog":true,"showSkybox":true,"showFlares":true,"showImageEffects":true,"showParticleSystems":true,"showVisualEffectGraphs":true,"m_FxEnabled":false},"in2DMode":false,"pivot":{"x":-0.020768441259860994,"y":1.5555905103683472,"z":0.6501876711845398},"rotation":{"x":-0.13451243937015534,"y":-0.035964880138635638,"z":0.004884703550487757,"w":-0.9902527332305908},"size":0.12912927567958833,"orthographic":false}