{
    "Intrinsic": {
        "cam0": {
            "1280x720": {
                "Resolution": [1280.0, 720.0],
                "FocalLength": [921.535, 926.270],
                "PrincipalPoint": [678.827, 340.682],
                "Distortion": [0.067819, -0.074090, -0.003919, 0.016263, 0.000767]
            }
        }
    }
}